{
    "imagenet_resnet18-last-layer#resize_only#euclidean#NoReduction#kmeans": {
        "TN": 12389743,
        "FP": 56771,
        "FN": 34071,
        "TP": 16915,
        "Accuracy": 0.9927311862372474,
        "Precision": 0.2295551393751866,
        "Recall": 0.33175773741811476,
        "F1 Score": 0.27135202772073924,
        "Specificity": 0.9954388031861773,
        "Balanced Accuracy": 0.663598270302146,
        "Fowlkes-Mallows Index": 0.27596502251519467,
        "Adjusted Rand Index (ARI)": 0.26782108179153563,
        "Normalized Mutual Information (NMI)": 0.7358245218041217,
        "Homogeneity": 0.7226733690551684,
        "Completeness": 0.7494631936600218,
        "V-Measure": 0.7358245218041216,
        "precision@1": 0.9552,
        "precision@5": 0.78064
    },
    "imagenet_resnet18-last-layer#imagenet#euclidean#NoReduction#kmeans": {
        "TN": 12400703,
        "FP": 45811,
        "FN": 30519,
        "TP": 20467,
        "Accuracy": 0.9938923784756951,
        "Precision": 0.3088053351036543,
        "Recall": 0.4014239202918448,
        "F1 Score": 0.3490755901214354,
        "Specificity": 0.9963193710303142,
        "Balanced Accuracy": 0.6988716456610795,
        "Fowlkes-Mallows Index": 0.3520821611844965,
        "Adjusted Rand Index (ARI)": 0.34605980415974213,
        "Normalized Mutual Information (NMI)": 0.77615326133392,
        "Homogeneity": 0.7664734307516254,
        "Completeness": 0.7860807132493783,
        "V-Measure": 0.77615326133392,
        "precision@1": 0.9722,
        "precision@5": 0.8382
    },
    "simclr-tcga-lung_resnet18-10x#imagenet#euclidean#NoReduction#kmeans": {
        "TN": 12418433,
        "FP": 28081,
        "FN": 22955,
        "TP": 28031,
        "Accuracy": 0.9959163032606522,
        "Precision": 0.4995544625035643,
        "Recall": 0.5497783705330875,
        "F1 Score": 0.5234644904666753,
        "Specificity": 0.9977438662745247,
        "Balanced Accuracy": 0.7737611184038061,
        "Fowlkes-Mallows Index": 0.5240651089203916,
        "Adjusted Rand Index (ARI)": 0.5214185734259403,
        "Normalized Mutual Information (NMI)": 0.858868543836853,
        "Homogeneity": 0.8549005804852593,
        "Completeness": 0.8628735130167404,
        "V-Measure": 0.8588685438368528,
        "precision@1": 0.9932,
        "precision@5": 0.94756
    },
    "UNI#resize_only#euclidean#NoReduction#kmeans": {
        "TN": 12436623,
        "FP": 9891,
        "FN": 7729,
        "TP": 43257,
        "Accuracy": 0.9985901180236048,
        "Precision": 0.8138970422217204,
        "Recall": 0.8484093672772918,
        "F1 Score": 0.8307949372923349,
        "Specificity": 0.9992053196581789,
        "Balanced Accuracy": 0.9238073434677354,
        "Fowlkes-Mallows Index": 0.8309740517129214,
        "Adjusted Rand Index (ARI)": 0.8300873535079134,
        "Normalized Mutual Information (NMI)": 0.9611630641549649,
        "Homogeneity": 0.9591725453861775,
        "Completeness": 0.9631618617356371,
        "V-Measure": 0.9611630641549649,
        "precision@1": 1.0,
        "precision@5": 0.99764
    },
    "UNI#imagenet#euclidean#NoReduction#kmeans": {
        "TN": 12430951,
        "FP": 15563,
        "FN": 12637,
        "TP": 38349,
        "Accuracy": 0.9977435487097419,
        "Precision": 0.7113258643715685,
        "Recall": 0.7521476483740634,
        "F1 Score": 0.7311674197792142,
        "Specificity": 0.9987496097300819,
        "Balanced Accuracy": 0.8754486290520727,
        "Fowlkes-Mallows Index": 0.731452032682064,
        "Adjusted Rand Index (ARI)": 0.7300353245289787,
        "Normalized Mutual Information (NMI)": 0.9288722003133282,
        "Homogeneity": 0.9265396088749291,
        "Completeness": 0.9312165661328258,
        "V-Measure": 0.9288722003133283,
        "precision@1": 0.9992,
        "precision@5": 0.9888
    },
    "simclr-tcga-lung_resnet18-2.5x#imagenet#euclidean#NoReduction#kmeans": {
        "TN": 12405141,
        "FP": 41373,
        "FN": 33999,
        "TP": 16987,
        "Accuracy": 0.9939690338067614,
        "Precision": 0.2910726525017135,
        "Recall": 0.33316988977366335,
        "F1 Score": 0.3107018089367695,
        "Specificity": 0.9966759367321645,
        "Balanced Accuracy": 0.664922913252914,
        "Fowlkes-Mallows Index": 0.3114107312700121,
        "Adjusted Rand Index (ARI)": 0.3076869102861027,
        "Normalized Mutual Information (NMI)": 0.7617413918930099,
        "Homogeneity": 0.7571270776367884,
        "Completeness": 0.7664122949463691,
        "V-Measure": 0.7617413918930099,
        "precision@1": 0.9764,
        "precision@5": 0.8592
    },
    "prov-gigapath#imagenet#euclidean#NoReduction#kmeans": {
        "TN": 12428796,
        "FP": 17718,
        "FN": 12835,
        "TP": 38151,
        "Accuracy": 0.9975552710542108,
        "Precision": 0.6828652741233958,
        "Recall": 0.7482642293963049,
        "F1 Score": 0.7140704693275934,
        "Specificity": 0.9985764688811662,
        "Balanced Accuracy": 0.8734203491387356,
        "Fowlkes-Mallows Index": 0.7148172200803778,
        "Adjusted Rand Index (ARI)": 0.7128454312961635,
        "Normalized Mutual Information (NMI)": 0.9277635778503563,
        "Homogeneity": 0.9241438651952102,
        "Completeness": 0.9314117575906292,
        "V-Measure": 0.9277635778503563,
        "precision@1": 0.9998,
        "precision@5": 0.99596
    },
    "owkin-phikon#resize_only#euclidean#NoReduction#kmeans": {
        "TN": 12397263,
        "FP": 49251,
        "FN": 34192,
        "TP": 16794,
        "Accuracy": 0.993323224644929,
        "Precision": 0.25428117192823074,
        "Recall": 0.3293845369317067,
        "F1 Score": 0.2870008801086891,
        "Specificity": 0.9960429884223004,
        "Balanced Accuracy": 0.6627137626770035,
        "Fowlkes-Mallows Index": 0.28940678303390194,
        "Adjusted Rand Index (ARI)": 0.2837025797083642,
        "Normalized Mutual Information (NMI)": 0.7615867652468697,
        "Homogeneity": 0.7529911494868886,
        "Completeness": 0.7703808900170361,
        "V-Measure": 0.7615867652468697,
        "precision@1": 0.9928,
        "precision@5": 0.90292
    },
    "owkin-phikon#imagenet#euclidean#NoReduction#kmeans": {
        "TN": 12406853,
        "FP": 39661,
        "FN": 31265,
        "TP": 19721,
        "Accuracy": 0.9943247849569914,
        "Precision": 0.3321040045805126,
        "Recall": 0.3867924528301887,
        "F1 Score": 0.35736807770368223,
        "Specificity": 0.9968134852859202,
        "Balanced Accuracy": 0.6918029690580545,
        "Fowlkes-Mallows Index": 0.3584066440880033,
        "Adjusted Rand Index (ARI)": 0.3545344518487582,
        "Normalized Mutual Information (NMI)": 0.8012860741631738,
        "Homogeneity": 0.7957750028062897,
        "Completeness": 0.8068740107451857,
        "V-Measure": 0.8012860741631737,
        "precision@1": 0.9942,
        "precision@5": 0.92316
    },
    "dinov2_vitb14#imagenet#euclidean#NoReduction#kmeans": {
        "TN": 12426247,
        "FP": 20267,
        "FN": 14751,
        "TP": 36235,
        "Accuracy": 0.99719799959992,
        "Precision": 0.641304732575838,
        "Recall": 0.7106852861569842,
        "F1 Score": 0.674214796070259,
        "Specificity": 0.9983716725823792,
        "Balanced Accuracy": 0.8545284793696817,
        "Fowlkes-Mallows Index": 0.6751043159279073,
        "Adjusted Rand Index (ARI)": 0.6728114664053799,
        "Normalized Mutual Information (NMI)": 0.9088177318722611,
        "Homogeneity": 0.9047154944681847,
        "Completeness": 0.9129573401491012,
        "V-Measure": 0.9088177318722613,
        "precision@1": 0.9986,
        "precision@5": 0.97644
    },
    "imagenet_resnet50-clam-extractor#imagenet#euclidean#NoReduction#kmeans": {
        "TN": 12418786,
        "FP": 27728,
        "FN": 22895,
        "TP": 28091,
        "Accuracy": 0.995949349869974,