{
    "imagenet_resnet18-last-layer#resize_only#euclidean#NoReduction#kmeans": {
        "TN": 12409638,
        "FP": 36687,
        "FN": 27762,
        "TP": 23413,
        "Accuracy": 0.994843048609722,
        "Precision": 0.389567387687188,
        "Recall": 0.4575085490962384,
        "F1 Score": 0.42081330038193665,
        "Specificity": 0.9970523829323114,
        "Balanced Accuracy": 0.7272804660142749,
        "Fowlkes-Mallows Index": 0.42217343629837395,
        "Adjusted Rand Index (ARI)": 0.4182400300947323,
        "Normalized Mutual Information (NMI)": 0.8149513279535963,
        "Homogeneity": 0.8083087438368192,
        "Completeness": 0.8217039926150327,
        "V-Measure": 0.8149513279535963,
        "precision@1": 0.976,
        "precision@5": 0.8676
    },
    "imagenet_resnet18-last-layer#imagenet#euclidean#NoReduction#kmeans": {
        "TN": 12410761,
        "FP": 35564,
        "FN": 27187,
        "TP": 23988,
        "Accuracy": 0.9949789157831567,
        "Precision": 0.40280763030628697,
        "Recall": 0.4687445041524182,
        "F1 Score": 0.433281855374028,
        "Specificity": 0.9971426103689242,
        "Balanced Accuracy": 0.7329435572606712,
        "Fowlkes-Mallows Index": 0.43452717168979327,
        "Adjusted Rand Index (ARI)": 0.43077463931679305,
        "Normalized Mutual Information (NMI)": 0.8270870729856443,
        "Homogeneity": 0.8208688930726106,
        "Completeness": 0.8334001788854999,
        "V-Measure": 0.8270870729856444,
        "precision@1": 0.9822,
        "precision@5": 0.89004
    },
    "simclr-tcga-lung_resnet18-10x#imagenet#euclidean#NoReduction#kmeans": {
        "TN": 12416311,
        "FP": 30014,
        "FN": 20895,
        "TP": 30280,
        "Accuracy": 0.9959264652930586,
        "Precision": 0.5022058579626497,
        "Recall": 0.591695163654128,
        "F1 Score": 0.5432900627080175,
        "Specificity": 0.9975885251268949,
        "Balanced Accuracy": 0.7946418443905114,
        "Fowlkes-Mallows Index": 0.5451172142899835,
        "Adjusted Rand Index (ARI)": 0.5412579243740143,
        "Normalized Mutual Information (NMI)": 0.880570449067997,
        "Homogeneity": 0.8742433859722951,
        "Completeness": 0.8869897600598655,
        "V-Measure": 0.8805704490679971,
        "precision@1": 0.9968,
        "precision@5": 0.97424
    },
    "UNI#resize_only#euclidean#NoReduction#kmeans": {
        "TN": 12440057,
        "FP": 6268,
        "FN": 3415,
        "TP": 47760,
        "Accuracy": 0.9992252050410082,
        "Precision": 0.8839860812911824,
        "Recall": 0.9332681973619932,
        "F1 Score": 0.9079588985104988,
        "Specificity": 0.9994963975309981,
        "Balanced Accuracy": 0.9663822974464956,
        "Fowlkes-Mallows Index": 0.9082929574645585,
        "Adjusted Rand Index (ARI)": 0.9075701509182179,
        "Normalized Mutual Information (NMI)": 0.9835278110250378,
        "Homogeneity": 0.9811364585644275,
        "Completeness": 0.9859308489930498,
        "V-Measure": 0.983527811025038,
        "precision@1": 0.9996,
        "precision@5": 0.99916
    },
    "UNI#imagenet#euclidean#NoReduction#kmeans": {
        "TN": 12436216,
        "FP": 10109,
        "FN": 8003,
        "TP": 43172,
        "Accuracy": 0.99855075015003,
        "Precision": 0.8102700775135602,
        "Recall": 0.8436150464093796,
        "F1 Score": 0.8266064180133261,
        "Specificity": 0.9991877923804818,
        "Balanced Accuracy": 0.9214014193949307,
        "Fowlkes-Mallows Index": 0.8267744729040282,
        "Adjusted Rand Index (ARI)": 0.8258790491471676,
        "Normalized Mutual Information (NMI)": 0.9613902637288704,
        "Homogeneity": 0.9597498396989725,
        "Completeness": 0.96303630505248,
        "V-Measure": 0.9613902637288704,
        "precision@1": 0.9992,
        "precision@5": 0.99192
    },
    "simclr-tcga-lung_resnet18-2.5x#imagenet#euclidean#NoReduction#kmeans": {
        "TN": 12412821,
        "FP": 33504,
        "FN": 26658,
        "TP": 24517,
        "Accuracy": 0.995186077215443,
        "Precision": 0.4225539028972269,
        "Recall": 0.47908158280410357,
        "F1 Score": 0.44904575259167,
        "Specificity": 0.9973081210718827,
        "Balanced Accuracy": 0.7381948519379932,
        "Fowlkes-Mallows Index": 0.4499308753798243,
        "Adjusted Rand Index (ARI)": 0.4466377736123758,
        "Normalized Mutual Information (NMI)": 0.8385749726647752,
        "Homogeneity": 0.8336075528940945,
        "Completeness": 0.8436019484675421,
        "V-Measure": 0.8385749726647752,
        "precision@1": 0.9902,
        "precision@5": 0.93984
    },
    "prov-gigapath#imagenet#euclidean#NoReduction#kmeans": {
        "TN": 12437929,
        "FP": 8396,
        "FN": 5530,
        "TP": 45645,
        "Accuracy": 0.9988856971394279,
        "Precision": 0.8446364797098499,
        "Recall": 0.8919394235466537,
        "F1 Score": 0.867643704379562,
        "Specificity": 0.999325423367942,
        "Balanced Accuracy": 0.9456324234572978,
        "Fowlkes-Mallows Index": 0.8679657682298758,
        "Adjusted Rand Index (ARI)": 0.8670846146092099,
        "Normalized Mutual Information (NMI)": 0.972674530044654,
        "Homogeneity": 0.9703601242277853,
        "Completeness": 0.9750000024344815,
        "V-Measure": 0.972674530044654,
        "precision@1": 0.999,
        "precision@5": 0.99804
    },
    "owkin-phikon#resize_only#euclidean#NoReduction#kmeans": {
        "TN": 12427728,
        "FP": 18597,
        "FN": 15203,
        "TP": 35972,
        "Accuracy": 0.9972954590918184,
        "Precision": 0.6592021110887134,
        "Recall": 0.7029213483146067,
        "F1 Score": 0.6803601149947042,
        "Specificity": 0.9985058240082916,
        "Balanced Accuracy": 0.8507135861614492,
        "Fowlkes-Mallows Index": 0.6807108319531234,
        "Adjusted Rand Index (ARI)": 0.6790035042464287,
        "Normalized Mutual Information (NMI)": 0.9213302995050849,
        "Homogeneity": 0.9186224523916003,
        "Completeness": 0.92405415779679,
        "V-Measure": 0.9213302995050847,
        "precision@1": 0.9988,
        "precision@5": 0.97704
    },
    "owkin-phikon#imagenet#euclidean#NoReduction#kmeans": {
        "TN": 12425741,
        "FP": 20584,
        "FN": 17628,
        "TP": 33547,
        "Accuracy": 0.9969424284856971,
        "Precision": 0.6197373039478302,
        "Recall": 0.6555349291646312,
        "F1 Score": 0.6371336865895579,
        "Specificity": 0.9983461784904379,
        "Balanced Accuracy": 0.8269405538275345,
        "Fowlkes-Mallows Index": 0.6373848520667246,
        "Adjusted Rand Index (ARI)": 0.6355996475093574,
        "Normalized Mutual Information (NMI)": 0.9069785457427613,
        "Homogeneity": 0.9046042506569762,
        "Completeness": 0.9093653371486243,
        "V-Measure": 0.9069785457427613,
        "precision@1": 0.9968,
        "precision@5": 0.96672
    },
    "dinov2_vitb14#imagenet#euclidean#NoReduction#kmeans": {
        "TN": 12429798,
        "FP": 16527,
        "FN": 12622,
        "TP": 38553,
        "Accuracy": 0.9976676135227045,
        "Precision": 0.6999455337690632,
        "Recall": 0.7533561309233024,
        "F1 Score": 0.725669380264458,
        "Specificity": 0.9986721381612644,
        "Balanced Accuracy": 0.8760141345422834,
        "Fowlkes-Mallows Index": 0.726159940493351,
        "Adjusted Rand Index (ARI)": 0.7244997969043233,
        "Normalized Mutual Information (NMI)": 0.9313363231997492,
        "Homogeneity": 0.9280803442300625,
        "Completeness": 0.9346152284664699,
        "V-Measure": 0.9313363231997492,
        "precision@1": 0.9968,
        "precision@5": 0.983
    },
    "imagenet_resnet50-clam-extractor#imagenet#euclidean#NoReduction#kmeans": {
        "TN": 12416221,
        "FP": 30104,
        "FN": 23965,
        "TP": 27210,
        "Accuracy": 0.9956736147229446,