{
    "imagenet_resnet18-last-layer#resize_only#euclidean#NoReduction#kmeans": {
        "TN": 12402606,
        "FP": 43197,
        "FN": 33526,
        "TP": 18171,
        "Accuracy": 0.9938609321864373,
        "Precision": 0.29609894407508797,
        "Recall": 0.35149041530456315,
        "F1 Score": 0.32142572856321583,
        "Specificity": 0.9965291914069345,
        "Balanced Accuracy": 0.6740098033557489,
        "Fowlkes-Mallows Index": 0.32260802969578317,
        "Adjusted Rand Index (ARI)": 0.3183649076829837,
        "Normalized Mutual Information (NMI)": 0.7693038244721463,
        "Homogeneity": 0.7636085293363419,
        "Completeness": 0.7750847135393408,
        "V-Measure": 0.7693038244721464,
        "precision@1": 0.9546,
        "precision@5": 0.78816
    },
    "imagenet_resnet18-last-layer#imagenet#euclidean#NoReduction#kmeans": {
        "TN": 12406968,
        "FP": 38835,
        "FN": 31597,
        "TP": 20100,
        "Accuracy": 0.9943643128625725,
        "Precision": 0.34105370323237466,
        "Recall": 0.3888039924947289,
        "F1 Score": 0.3633668378046135,
        "Specificity": 0.9968796710023451,
        "Balanced Accuracy": 0.692841831748537,
        "Fowlkes-Mallows Index": 0.364147005303984,
        "Adjusted Rand Index (ARI)": 0.3605486350520662,
        "Normalized Mutual Information (NMI)": 0.7893868136351961,
        "Homogeneity": 0.7851097542225012,
        "Completeness": 0.7937107287631842,
        "V-Measure": 0.7893868136351961,
        "precision@1": 0.9596,
        "precision@5": 0.81728
    },
    "simclr-tcga-lung_resnet18-10x#imagenet#euclidean#NoReduction#kmeans": {
        "TN": 12420306,
        "FP": 25497,
        "FN": 23710,
        "TP": 27987,
        "Accuracy": 0.9960626525305061,
        "Precision": 0.5232779896791564,
        "Recall": 0.5413660367139292,
        "F1 Score": 0.532168357402953,
        "Specificity": 0.9979513575781329,
        "Balanced Accuracy": 0.7696586971460311,
        "Fowlkes-Mallows Index": 0.5322451797548169,
        "Adjusted Rand Index (ARI)": 0.5301919373937355,
        "Normalized Mutual Information (NMI)": 0.8687752288675361,
        "Homogeneity": 0.868028505709663,
        "Completeness": 0.8695232378715684,
        "V-Measure": 0.868775228867536,
        "precision@1": 0.9916,
        "precision@5": 0.94912
    },
    "UNI#resize_only#euclidean#NoReduction#kmeans": {
        "TN": 12422922,
        "FP": 22881,
        "FN": 16663,
        "TP": 35034,
        "Accuracy": 0.9968358471694339,
        "Precision": 0.6049210049210049,
        "Recall": 0.6776795558736484,
        "F1 Score": 0.6392365799365032,
        "Specificity": 0.9981615489173338,
        "Balanced Accuracy": 0.8379205523954911,
        "Fowlkes-Mallows Index": 0.6402675987065936,
        "Adjusted Rand Index (ARI)": 0.6376526709795095,
        "Normalized Mutual Information (NMI)": 0.9136049280959729,
        "Homogeneity": 0.9102307491098758,
        "Completeness": 0.9170042159784607,
        "V-Measure": 0.9136049280959728,
        "precision@1": 0.9972,
        "precision@5": 0.98516
    },
    "UNI#imagenet#euclidean#NoReduction#kmeans": {
        "TN": 12410390,
        "FP": 35413,
        "FN": 26261,
        "TP": 25436,
        "Accuracy": 0.9950650930186037,
        "Precision": 0.4180183733504248,
        "Recall": 0.4920208135868619,
        "F1 Score": 0.45201073338901426,
        "Specificity": 0.9971546231287768,
        "Balanced Accuracy": 0.7445877183578193,
        "Fowlkes-Mallows Index": 0.45351266812530455,
        "Adjusted Rand Index (ARI)": 0.4495485830536752,
        "Normalized Mutual Information (NMI)": 0.8464279079180895,
        "Homogeneity": 0.8414984433539103,
        "Completeness": 0.851415466008339,
        "V-Measure": 0.8464279079180894,
        "precision@1": 0.9944,
        "precision@5": 0.94568
    },
    "simclr-tcga-lung_resnet18-2.5x#imagenet#euclidean#NoReduction#kmeans": {
        "TN": 12416346,
        "FP": 29457,
        "FN": 27022,
        "TP": 24675,
        "Accuracy": 0.995480776155231,
        "Precision": 0.45583019286189314,
        "Recall": 0.4773004236222605,
        "F1 Score": 0.4663183059463852,
        "Specificity": 0.9976331780279666,
        "Balanced Accuracy": 0.7374668008251135,
        "Fowlkes-Mallows Index": 0.4664417907443525,
        "Adjusted Rand Index (ARI)": 0.4640502925749763,
        "Normalized Mutual Information (NMI)": 0.8414866407985847,
        "Homogeneity": 0.840454276764036,
        "Completeness": 0.842521544141397,
        "V-Measure": 0.8414866407985847,
        "precision@1": 0.9872,
        "precision@5": 0.92352
    },
    "prov-gigapath#imagenet#euclidean#NoReduction#kmeans": {
        "TN": 12415534,
        "FP": 30269,
        "FN": 24026,
        "TP": 27671,
        "Accuracy": 0.9956555311062213,
        "Precision": 0.4775802554366586,
        "Recall": 0.5352534963344101,
        "F1 Score": 0.5047748479071846,
        "Specificity": 0.9975679351505081,
        "Balanced Accuracy": 0.7664107157424591,
        "Fowlkes-Mallows Index": 0.5055951952923922,
        "Adjusted Rand Index (ARI)": 0.5026001487293427,
        "Normalized Mutual Information (NMI)": 0.8722254904889177,
        "Homogeneity": 0.8692016704497585,
        "Completeness": 0.8752704227918571,
        "V-Measure": 0.8722254904889176,
        "precision@1": 0.997,
        "precision@5": 0.98356
    },
    "owkin-phikon#resize_only#euclidean#NoReduction#kmeans": {
        "TN": 12398617,
        "FP": 47186,
        "FN": 39834,
        "TP": 11863,
        "Accuracy": 0.9930370074014803,
        "Precision": 0.20090094667140848,
        "Recall": 0.22947172950074474,
        "F1 Score": 0.2142379860220685,
        "Specificity": 0.9962086817540017,
        "Balanced Accuracy": 0.6128402056273732,
        "Fowlkes-Mallows Index": 0.21471163846197297,
        "Adjusted Rand Index (ARI)": 0.2107564754582647,
        "Normalized Mutual Information (NMI)": 0.7154163857594366,
        "Homogeneity": 0.711709952373315,
        "Completeness": 0.7191616258691895,
        "V-Measure": 0.7154163857594364,
        "precision@1": 0.963,
        "precision@5": 0.77328
    },
    "owkin-phikon#imagenet#euclidean#NoReduction#kmeans": {
        "TN": 12400589,
        "FP": 45214,
        "FN": 38472,
        "TP": 13225,
        "Accuracy": 0.9933037807561512,
        "Precision": 0.22630435154605658,
        "Recall": 0.2558175522757607,
        "F1 Score": 0.2401576233020992,
        "Specificity": 0.9963671287421149,
        "Balanced Accuracy": 0.6260923405089378,
        "Fowlkes-Mallows Index": 0.24060886368100712,
        "Adjusted Rand Index (ARI)": 0.23680735301578318,
        "Normalized Mutual Information (NMI)": 0.7359169147655938,
        "Homogeneity": 0.7326003278575889,
        "Completeness": 0.739263667569534,
        "V-Measure": 0.735916914765594,
        "precision@1": 0.9708,
        "precision@5": 0.80952
    },
    "dinov2_vitb14#imagenet#euclidean#NoReduction#kmeans": {
        "TN": 12418673,
        "FP": 27130,
        "FN": 21650,
        "TP": 30047,
        "Accuracy": 0.9960968193638727,
        "Precision": 0.525508508666072,
        "Recall": 0.5812136100740856,
        "F1 Score": 0.5519591454341716,
        "Specificity": 0.9978201486878749,
        "Balanced Accuracy": 0.7895168793809803,
        "Fowlkes-Mallows Index": 0.5526596578785687,
        "Adjusted Rand Index (ARI)": 0.5500040046899553,
        "Normalized Mutual Information (NMI)": 0.8777903085061369,
        "Homogeneity": 0.8746477067944977,
        "Completeness": 0.8809555743317565,
        "V-Measure": 0.8777903085061369,
        "precision@1": 0.9946,
        "precision@5": 0.962
    },
    "imagenet_resnet50-clam-extractor#imagenet#euclidean#NoReduction#kmeans": {
        "TN": 12411469,
        "FP": 34334,
        "FN": 28490,
        "TP": 23207,
        "Accuracy": 0.994973074614923,