{
    "imagenet_resnet18-last-layer#resize_only#euclidean#NoReduction#kmeans": {
        "TN": 12412678,
        "FP": 34353,
        "FN": 22504,
        "TP": 27965,
        "Accuracy": 0.9954505301060212,
        "Precision": 0.4487467505375654,
        "Recall": 0.5541025183776179,
        "F1 Score": 0.49589048383235657,
        "Specificity": 0.9972400647190482,
        "Balanced Accuracy": 0.775671291548333,
        "Fowlkes-Mallows Index": 0.4986498817673957,
        "Adjusted Rand Index (ARI)": 0.4936307706527431,
        "Normalized Mutual Information (NMI)": 0.8506924737971541,
        "Homogeneity": 0.8421122136776374,
        "Completeness": 0.8594493818865637,
        "V-Measure": 0.850692473797154,
        "precision@1": 0.98,
        "precision@5": 0.89768
    },
    "imagenet_resnet18-last-layer#imagenet#euclidean#NoReduction#kmeans": {
        "TN": 12422974,
        "FP": 24057,
        "FN": 15700,
        "TP": 34769,
        "Accuracy": 0.9968188037607522,
        "Precision": 0.591048175976609,
        "Recall": 0.6889179496324477,
        "F1 Score": 0.6362413651127682,
        "Specificity": 0.9980672499329358,
        "Balanced Accuracy": 0.8434925997826918,
        "Fowlkes-Mallows Index": 0.638109471429318,
        "Adjusted Rand Index (ARI)": 0.6346531624254027,
        "Normalized Mutual Information (NMI)": 0.9026902057954164,
        "Homogeneity": 0.8963730448400196,
        "Completeness": 0.909097038698966,
        "V-Measure": 0.9026902057954164,
        "precision@1": 0.9898,
        "precision@5": 0.93768
    },
    "simclr-tcga-lung_resnet18-10x#imagenet#euclidean#NoReduction#kmeans": {
        "TN": 12427653,
        "FP": 19378,
        "FN": 14705,
        "TP": 35764,
        "Accuracy": 0.9972728145629126,
        "Precision": 0.648580029741395,
        "Recall": 0.708633022251283,
        "F1 Score": 0.6772779350635825,
        "Specificity": 0.9984431628715313,
        "Balanced Accuracy": 0.8535380925614071,
        "Fowlkes-Mallows Index": 0.6779419050681789,
        "Adjusted Rand Index (ARI)": 0.6759112486833346,
        "Normalized Mutual Information (NMI)": 0.9150972307832546,
        "Homogeneity": 0.9116706877006737,
        "Completeness": 0.9185496285824694,
        "V-Measure": 0.9150972307832547,
        "precision@1": 0.998,
        "precision@5": 0.98052
    },
    "UNI#resize_only#euclidean#NoReduction#kmeans": {
        "TN": 12439512,
        "FP": 7519,
        "FN": 3411,
        "TP": 47058,
        "Accuracy": 0.999125425085017,
        "Precision": 0.8622313428733716,
        "Recall": 0.9324139570825656,
        "F1 Score": 0.8959503455628963,
        "Specificity": 0.9993959201997649,
        "Balanced Accuracy": 0.9659049386411652,
        "Fowlkes-Mallows Index": 0.8966362352309741,
        "Adjusted Rand Index (ARI)": 0.8955118869799406,
        "Normalized Mutual Information (NMI)": 0.9820490958888501,
        "Homogeneity": 0.9789408302830445,
        "Completeness": 0.9851771626683938,
        "V-Measure": 0.98204909588885,
        "precision@1": 1.0,
        "precision@5": 0.9992
    },
    "UNI#imagenet#euclidean#NoReduction#kmeans": {
        "TN": 12436236,
        "FP": 10795,
        "FN": 7670,
        "TP": 42799,
        "Accuracy": 0.9985225045009002,
        "Precision": 0.7985781990521327,
        "Recall": 0.8480255206166162,
        "F1 Score": 0.8225594111259525,
        "Specificity": 0.999132724904437,
        "Balanced Accuracy": 0.9235791227605266,
        "Fowlkes-Mallows Index": 0.8229305517504285,
        "Adjusted Rand Index (ARI)": 0.8218182466282198,
        "Normalized Mutual Information (NMI)": 0.9600927830857459,
        "Homogeneity": 0.9574052585822876,
        "Completeness": 0.9627954383188404,
        "V-Measure": 0.9600927830857457,
        "precision@1": 0.9992,
        "precision@5": 0.99628
    },
    "simclr-tcga-lung_resnet18-2.5x#imagenet#euclidean#NoReduction#kmeans": {
        "TN": 12423893,
        "FP": 23138,
        "FN": 17295,
        "TP": 33174,
        "Accuracy": 0.9967647129425885,
        "Precision": 0.5891106691291377,
        "Recall": 0.6573143910123046,
        "F1 Score": 0.6213464942265009,
        "Specificity": 0.9981410828011917,
        "Balanced Accuracy": 0.8277277369067482,
        "Fowlkes-Mallows Index": 0.6222788126856565,
        "Adjusted Rand Index (ARI)": 0.6197267954921024,
        "Normalized Mutual Information (NMI)": 0.8988489423895406,
        "Homogeneity": 0.8942016676955334,
        "Completeness": 0.9035447743437929,
        "V-Measure": 0.8988489423895406,
        "precision@1": 0.998,
        "precision@5": 0.9786
    },
    "prov-gigapath#imagenet#euclidean#NoReduction#kmeans": {
        "TN": 12434922,
        "FP": 12109,
        "FN": 9221,
        "TP": 41248,
        "Accuracy": 0.9982932586517304,
        "Precision": 0.7730569559757857,
        "Recall": 0.8172937843032356,
        "F1 Score": 0.7945601294473446,
        "Specificity": 0.9990271575607066,
        "Balanced Accuracy": 0.908160470931971,
        "Fowlkes-Mallows Index": 0.7948676902676255,
        "Adjusted Rand Index (ARI)": 0.7937038649806198,
        "Normalized Mutual Information (NMI)": 0.9536718981515286,
        "Homogeneity": 0.9513763985996601,
        "Completeness": 0.9559785017477371,
        "V-Measure": 0.9536718981515286,
        "precision@1": 0.9996,
        "precision@5": 0.99776
    },
    "owkin-phikon#resize_only#euclidean#NoReduction#kmeans": {
        "TN": 12422514,
        "FP": 24517,
        "FN": 19004,
        "TP": 31465,
        "Accuracy": 0.996517623524705,
        "Precision": 0.5620556607480977,
        "Recall": 0.623452020051913,
        "F1 Score": 0.5911640097321772,
        "Specificity": 0.9980302933285857,
        "Balanced Accuracy": 0.8107411566902494,
        "Fowlkes-Mallows Index": 0.5919583913376127,
        "Adjusted Rand Index (ARI)": 0.5894200842827065,
        "Normalized Mutual Information (NMI)": 0.8906205213789365,
        "Homogeneity": 0.8864177579870929,
        "Completeness": 0.894863327663354,
        "V-Measure": 0.8906205213789365,
        "precision@1": 0.9978,
        "precision@5": 0.96804
    },
    "owkin-phikon#imagenet#euclidean#NoReduction#kmeans": {
        "TN": 12418851,
        "FP": 28180,
        "FN": 22675,
        "TP": 27794,
        "Accuracy": 0.9959307861572314,
        "Precision": 0.49655197055775896,
        "Recall": 0.5507142998672453,
        "F1 Score": 0.5222325563916839,
        "Specificity": 0.9977360062813373,
        "Balanced Accuracy": 0.7742251530742913,
        "Fowlkes-Mallows Index": 0.5229323769029961,
        "Adjusted Rand Index (ARI)": 0.5201947365103193,
        "Normalized Mutual Information (NMI)": 0.8741446779906108,
        "Homogeneity": 0.8703108003699825,
        "Completeness": 0.8780124829259176,
        "V-Measure": 0.8741446779906108,
        "precision@1": 0.998,
        "precision@5": 0.9608
    },
    "dinov2_vitb14#imagenet#euclidean#NoReduction#kmeans": {
        "TN": 12434078,
        "FP": 12953,
        "FN": 7661,
        "TP": 42808,
        "Accuracy": 0.998350550110022,
        "Precision": 0.7677050268108535,
        "Recall": 0.8482038479066357,
        "F1 Score": 0.8059493551727384,
        "Specificity": 0.9989593502257686,
        "Balanced Accuracy": 0.9235815990662022,
        "Fowlkes-Mallows Index": 0.8069512734968779,
        "Adjusted Rand Index (ARI)": 0.8051231743329752,
        "Normalized Mutual Information (NMI)": 0.9564269520068348,
        "Homogeneity": 0.9523113871684268,
        "Completeness": 0.9605782433767046,
        "V-Measure": 0.9564269520068348,
        "precision@1": 0.9988,
        "precision@5": 0.99052
    },
    "imagenet_resnet50-clam-extractor#imagenet#euclidean#NoReduction#kmeans": {
        "TN": 12429261,
        "FP": 17770,
        "FN": 13827,
        "TP": 36642,
        "Accuracy": 0.9974717343468694,
        "Precision": 0.6734176284643093,